official-gameplay-overview.webp	https://cdn.prod.website-files.com/5c68622246b367adf6f3041d/613613f6e59d239b35ff0ed4_BAR_screenshot_110-p-1600.webp	96800 bytes
official-grassy-lasers.webp	https://cdn.prod.website-files.com/5c68622246b367adf6f3041d/6136147d1945a06d8d904b39_BAR_grassy_lasers-p-1080.webp	123050 bytes
official-chicken-queen-shield.webp	https://cdn.prod.website-files.com/5c68622246b367adf6f3041d/6136152706b778b0395654d6_BAR_chickenqueenshield-p-1080.webp	117530 bytes
official-battle-104.jpeg	https://cdn.prod.website-files.com/5c68622246b367adf6f3041d/6136157edc11522cecb4eee5_BAR_screenshot_104-p-1600.jpeg	240206 bytes
official-screenshot-100.webp	https://cdn.prod.website-files.com/5c68622246b367adf6f3041d/621e6449da832e0596012ba7_Beyond-All-Reason%20Screenshot%20100-p-1080.webp	48658 bytes
official-screenshot-101.webp	https://cdn.prod.website-files.com/5c68622246b367adf6f3041d/621e6490d5a9b553f1a465c1_Beyond-All-Reason%20Screenshot%20101-p-1080.webp	36170 bytes
official-modern-screenshot-2024-10-27.jpg	https://cdn.prod.website-files.com/5c68622246b367adf6f3041d/674708c91446c1e538533ba2_Screenshot_2024-10-27_203755.jpg	353535 bytes
official-modern-screenshot-2024-11-10.jpg	https://cdn.prod.website-files.com/5c68622246b367adf6f3041d/674708c97260fe2584e47e11_screen_2024-11-10_16-32-11-635.jpg	358298 bytes
official-lightbringer-main.png	https://cdn.prod.website-files.com/5c69241780da2a1dfc6caa4e/69dc0546c23ae4ee6e408d23_Main-p-1080.png	258611 bytes
official-pip-minimap-argent.webp	https://cdn.prod.website-files.com/5c69241780da2a1dfc6caa4e/69b4a78415d3e8f7ad4cbad9_argentstratamini%20copy.webp	87240 bytes
official-map-texture-borealis.webp	https://cdn.prod.website-files.com/5c69241780da2a1dfc6caa4e/69b4a7e99441309229234d55_borealis_texture%20copy.webp	58260 bytes
official-build-icons-collage.webp	https://cdn.prod.website-files.com/5c69241780da2a1dfc6caa4e/69af3179dec5e5fea4862522_collage-p-1080.webp	66160 bytes
